Epoch;Equilibrium_Num;Relative_Loss;A1;A2;A3;A4;A5;A6;A7;A8;A9;A10;A11;A12;A13;A14;A15;A16;A17;A18;A19;A20;A21;A22;A23;A24;A25;A26;A27;D1;D2;D3;D4;D5;D6;D7;D8;D9;D10;D11;D12;D13;D14;D15;D16;D17;D18;D19;D20;D21;D22;D23;D24;D25;D26;D27
1;1;0.0509;0.0;0.0;0.0;0.0;0.0;0.5846;0.0;0.0;0.0;0.0;0.0;0.3467;0.0;0.0;0.0;0.0;0.0;0.0;0.0;0.0416;0.0271;0.0;0.0;0.0;0.0;0.0;0.0;0.0;0.0;0.0;0.0;0.0;0.0;0.0;0.0;0.0;0.1229;0.0;0.0;0.0;0.0;0.0;0.0;0.0;0.0;0.1774;0.0;0.0746;0.625;0.0;0.0;0.0;0.0;0.0
2;1;0.0418;0.0;0.0;0.3866;0.0;0.0;0.2592;0.0;0.0;0.0;0.0;0.0;0.0;0.0;0.0;0.0;0.0;0.0;0.0;0.0;0.0;0.0;0.0;0.0;0.0;0.0;0.3542;0.0;0.0;0.0;0.0;0.0;0.0;0.0;0.0;0.0;0.0;0.1355;0.0;0.0;0.0;0.0;0.0;0.0;0.0;0.0;0.6289;0.0;0.0;0.2356;0.0;0.0;0.0;0.0;0.0
3;1;0.0309;0.0;0.0;0.0285;0.0;0.0;0.2855;0.0;0.0;0.0;0.0;0.0;0.0;0.0;0.0;0.0;0.0;0.6528;0.0;0.0;0.0;0.0333;0.0;0.0;0.0;0.0;0.0;0.0;0.022;0.0;0.0;0.0;0.0;0.0;0.0;0.0;0.0;0.0;0.0;0.0;0.0537;0.0;0.0;0.0;0.0;0.0;0.9144;0.0;0.0;0.0099;0.0;0.0;0.0;0.0;0.0
4;1;0.0706;0.0;0.0752;0.0;0.0;0.0;0.0;0.0;0.0;0.0;0.0;0.5627;0.0;0.0;0.0;0.0;0.0;0.0;0.3622;0.0;0.0;0.0;0.0;0.0;0.0;0.0;0.0;0.0;0.2054;0.0;0.0;0.0;0.0;0.0;0.0;0.0;0.0;0.2394;0.0;0.0;0.0;0.0;0.0;0.0;0.0;0.0;0.5552;0.0;0.0;0.0;0.0;0.0;0.0;0.0;0.0
5;1;0.0592;0.0;0.0;0.3137;0.0;0.0;0.0;0.0;0.0;0.0;0.0;0.0;0.0;0.0;0.0;0.0;0.0;0.0;0.0;0.0;0.0;0.6863;0.0;0.0;0.0;0.0;0.0;0.0;0.0;0.0;0.0;0.0;0.0;0.0;0.0;0.0;0.0;0.0;0.0;0.0;0.0;0.0;0.0;0.0;0.0;0.0;0.7841;0.0;0.0;0.2159;0.0;0.0;0.0;0.0;0.0
6;1;0.059;0.0;0.0;0.3426;0.0;0.0;0.0;0.0;0.0;0.6574;0.0;0.0;0.0;0.0;0.0;0.0;0.0;0.0;0.0;0.0;0.0;0.0;0.0;0.0;0.0;0.0;0.0;0.0;0.0087;0.0;0.0;0.0;0.0;0.0;0.0;0.0;0.0;0.0;0.0;0.0;0.0;0.0;0.0;0.0;0.0;0.0;0.9913;0.0;0.0;0.0;0.0;0.0;0.0;0.0;0.0
7;1;0.0613;0.0;0.0;0.0;0.0;0.3923;0.0;0.0;0.0;0.0;0.0;0.0;0.5326;0.0;0.0;0.0;0.0751;0.0;0.0;0.0;0.0;0.0;0.0;0.0;0.0;0.0;0.0;0.0;0.0;0.0;0.0;0.0;0.0;0.0;0.0;0.0;0.0;0.0;0.0;0.0;0.0;0.0;0.0;0.0;0.0;0.0;0.9553;0.0282;0.0;0.0165;0.0;0.0;0.0;0.0;0.0
8;1;0.0922;0.0;1.0;0.0;0.0;0.0;0.0;0.0;0.0;0.0;0.0;0.0;0.0;0.0;0.0;0.0;0.0;0.0;0.0;0.0;0.0;0.0;0.0;0.0;0.0;0.0;0.0;0.0;0.0;0.0;0.0;0.0;0.0;0.0;0.0;0.0;0.0;0.0;0.0;0.0;0.0;0.0;0.0;0.0;0.0;0.0;1.0;0.0;0.0;0.0;0.0;0.0;0.0;0.0;0.0
9;1;0.0869;0.0;0.0;0.0;0.0;0.0;0.0;0.0;0.0;0.0;0.0;0.1849;0.0;0.0;0.0;0.0;0.0;0.0;0.0;0.0;0.0;0.8151;0.0;0.0;0.0;0.0;0.0;0.0;0.0;0.0;0.0;0.0;0.0;0.0;0.0;0.0;0.0;0.0;0.0;0.0;0.0;0.0;0.0;0.0;0.0;0.0;0.7187;0.0;0.0;0.2813;0.0;0.0;0.0;0.0;0.0
10;1;0.0972;0.0;0.0;0.0499;0.0;0.0;0.0;0.0;0.0;0.0;0.0;0.0;0.0;0.0;0.0;0.0;0.0;0.0;0.0;0.0;0.0;0.9501;0.0;0.0;0.0;0.0;0.0;0.0;0.0;0.0;0.0;0.0;0.0;0.0;0.0;0.0;0.0;0.0;0.0;0.0;0.0;0.0;0.0;0.0;0.0;0.0;0.9574;0.0426;0.0;0.0;0.0;0.0;0.0;0.0;0.0
11;1;0.0976;0.0;0.0;0.0;0.0;0.0;0.0;0.0;0.0;0.0;0.0;0.1854;0.0;0.0;0.0;0.0;0.0;0.0;0.0;0.0;0.0;0.8146;0.0;0.0;0.0;0.0;0.0;0.0;0.0;0.0;0.0;0.0;0.0;0.0;0.0;0.0;0.0;0.1603;0.0;0.0;0.0;0.0;0.0;0.0;0.0;0.0;0.8397;0.0;0.0;0.0;0.0;0.0;0.0;0.0;0.0
12;1;0.0931;0.0;0.0;0.0;0.0;0.0;0.0;0.0;0.0;0.0;0.0;0.0;0.0;0.0;0.0;0.0;0.0;0.0;0.0;0.0;0.0;1.0;0.0;0.0;0.0;0.0;0.0;0.0;0.0;0.0;0.0;0.0;0.0;0.0;0.0;0.0;0.0;0.0;0.0;0.0;0.0;0.0;0.0;0.0;0.0;0.0;1.0;0.0;0.0;0.0;0.0;0.0;0.0;0.0;0.0
13;1;0.0996;0.0;1.0;0.0;0.0;0.0;0.0;0.0;0.0;0.0;0.0;0.0;0.0;0.0;0.0;0.0;0.0;0.0;0.0;0.0;0.0;0.0;0.0;0.0;0.0;0.0;0.0;0.0;0.0;0.0;0.0;0.0;0.0;0.0;0.0;0.0;0.0;0.0;0.0;0.0;0.0;0.0;0.0;0.0;0.0;0.0;1.0;0.0;0.0;0.0;0.0;0.0;0.0;0.0;0.0
14;1;0.091;0.0;0.0;0.0;0.0;0.0;0.0;0.8714;0.0;0.0;0.0;0.1286;0.0;0.0;0.0;0.0;0.0;0.0;0.0;0.0;0.0;0.0;0.0;0.0;0.0;0.0;0.0;0.0;0.0;0.0;0.0;0.0;0.0;0.0;0.0;0.0;0.0;0.1157;0.0;0.0;0.0;0.0;0.0;0.0;0.0;0.0;0.8843;0.0;0.0;0.0;0.0;0.0;0.0;0.0;0.0
15;1;0.0948;0.0;1.0;0.0;0.0;0.0;0.0;0.0;0.0;0.0;0.0;0.0;0.0;0.0;0.0;0.0;0.0;0.0;0.0;0.0;0.0;0.0;0.0;0.0;0.0;0.0;0.0;0.0;0.0;0.0;0.0;0.0;0.0;0.0;0.0;0.0;0.0;0.0;0.0;0.0;0.0;0.0;0.0;0.0;0.0;0.0;1.0;0.0;0.0;0.0;0.0;0.0;0.0;0.0;0.0
16;1;0.086;0.0;0.0;0.0;0.0;0.0;0.0;1.0;0.0;0.0;0.0;0.0;0.0;0.0;0.0;0.0;0.0;0.0;0.0;0.0;0.0;0.0;0.0;0.0;0.0;0.0;0.0;0.0;0.0;0.0;0.0;0.0;0.0;0.0;0.0;0.0;0.0;0.0;0.0;0.0;0.0;0.0;0.0;0.0;0.0;0.0;1.0;0.0;0.0;0.0;0.0;0.0;0.0;0.0;0.0
17;1;0.0885;0.0;0.0;0.0;0.0;0.0;0.0;0.0;0.0;0.0;0.0;0.0;1.0;0.0;0.0;0.0;0.0;0.0;0.0;0.0;0.0;0.0;0.0;0.0;0.0;0.0;0.0;0.0;0.0;0.0;0.0;0.0;0.0;0.0;0.0;0.0;0.0;0.0;0.0;0.0;0.0;0.0;0.0;0.0;0.0;0.0;1.0;0.0;0.0;0.0;0.0;0.0;0.0;0.0;0.0
18;1;0.0795;0.0;0.0;0.0;0.0;0.0;0.0;0.0;0.0;0.0;0.0;1.0;0.0;0.0;0.0;0.0;0.0;0.0;0.0;0.0;0.0;0.0;0.0;0.0;0.0;0.0;0.0;0.0;0.0;0.0;0.0;0.0;0.0;0.0;0.0;0.0;0.0;0.0;0.0;0.0;0.0;0.0;0.0;0.0;0.0;0.0;1.0;0.0;0.0;0.0;0.0;0.0;0.0;0.0;0.0
19;1;0.0778;0.0;0.0;0.0;0.0;0.0;0.0;0.0;0.0;0.0;0.0;0.0;0.0;0.0;0.0;0.0;1.0;0.0;0.0;0.0;0.0;0.0;0.0;0.0;0.0;0.0;0.0;0.0;0.0;0.0;0.0;0.0;0.0;0.0;0.0;0.0;0.0;0.0;0.0;0.0;0.0;0.0;0.0;0.0;0.0;0.0;1.0;0.0;0.0;0.0;0.0;0.0;0.0;0.0;0.0
20;1;0.1033;0.0;0.0;0.0;0.0;0.0;0.0;0.0;0.0;0.0;0.0;0.0;0.0;0.0;0.0;0.0;0.0;0.0;0.0;0.0;1.0;0.0;0.0;0.0;0.0;0.0;0.0;0.0;0.0;0.0;0.0;0.0;0.0;0.0;0.0;0.0;0.0;0.0;0.0;0.0;0.0;0.0;0.0;0.0;0.0;0.0;1.0;0.0;0.0;0.0;0.0;0.0;0.0;0.0;0.0
